phylo_id,curator,introduced_in,commit_date,commit_subject
PHYLO_0001,Anna Becker,389d8b7fc7a5,2020-06-30,Added phylogenies transcribed or obtained by Anna.
PHYLO_0002,Anna Becker,389d8b7fc7a5,2020-06-30,Added phylogenies transcribed or obtained by Anna.
PHYLO_0003,Anna Becker,389d8b7fc7a5,2020-06-30,Added phylogenies transcribed or obtained by Anna.
PHYLO_0004,Anna Becker,389d8b7fc7a5,2020-06-30,Added phylogenies transcribed or obtained by Anna.
PHYLO_0005,Anna Becker,966f14ccb66e,2020-07-13,Imported phylogenies curated by Anna.
PHYLO_0006,,b95f9d21112e,2020-07-14,Added expectation for Ascomycota.
PHYLO_0007,Anna Becker,966f14ccb66e,2020-07-13,Imported phylogenies curated by Anna.
PHYLO_0008,Anna Becker,966f14ccb66e,2020-07-13,Imported phylogenies curated by Anna.
PHYLO_0009,Anna Becker,966f14ccb66e,2020-07-13,Imported phylogenies curated by Anna.
PHYLO_0010,Anna Becker,966f14ccb66e,2020-07-13,Imported phylogenies curated by Anna.
PHYLO_0011,Anna Becker,966f14ccb66e,2020-07-13,Imported phylogenies curated by Anna.
PHYLO_0012,Anna Becker,966f14ccb66e,2020-07-13,Imported phylogenies curated by Anna.
PHYLO_0013,Anna Becker,966f14ccb66e,2020-07-13,Imported phylogenies curated by Anna.
PHYLO_0014,Anna Becker,966f14ccb66e,2020-07-13,Imported phylogenies curated by Anna.
PHYLO_0015,Anna Becker,966f14ccb66e,2020-07-13,Imported phylogenies curated by Anna.
PHYLO_0016,Anna Becker,966f14ccb66e,2020-07-13,Imported phylogenies curated by Anna.
PHYLO_0017,Anna Becker,966f14ccb66e,2020-07-13,Imported phylogenies curated by Anna.
PHYLO_0018,Anna Becker,966f14ccb66e,2020-07-13,Imported phylogenies curated by Anna.
PHYLO_0019,Anna Becker,966f14ccb66e,2020-07-13,Imported phylogenies curated by Anna.
PHYLO_0020,Anna Becker,966f14ccb66e,2020-07-13,Imported phylogenies curated by Anna.
PHYLO_0021,Anna Becker,48bec1b75cc6,2020-06-30,Imported some files from Anna's transcribed phylogenies.
PHYLO_0022,Anna Becker,e1a43102e33b,2020-08-09,Updated phylogenies with latest.
PHYLO_0023,Anna Becker,966f14ccb66e,2020-07-13,Imported phylogenies curated by Anna.
PHYLO_0024,Anna Becker,966f14ccb66e,2020-07-13,Imported phylogenies curated by Anna.
PHYLO_0025,Anna Becker,48bec1b75cc6,2020-06-30,Imported some files from Anna's transcribed phylogenies.
PHYLO_0026,Anna Becker,966f14ccb66e,2020-07-13,Imported phylogenies curated by Anna.
PHYLO_0027,Anna Becker,966f14ccb66e,2020-07-13,Imported phylogenies curated by Anna.
PHYLO_0028,Anna Becker,966f14ccb66e,2020-07-13,Imported phylogenies curated by Anna.
PHYLO_0029,Anna Becker,966f14ccb66e,2020-07-13,Imported phylogenies curated by Anna.
PHYLO_0030,Anna Becker,966f14ccb66e,2020-07-13,Imported phylogenies curated by Anna.
PHYLO_0031,Anna Becker,966f14ccb66e,2020-07-13,Imported phylogenies curated by Anna.
PHYLO_0032,Anna Becker,e1a43102e33b,2020-08-09,Updated phylogenies with latest.
PHYLO_0033,Anna Becker,e1a43102e33b,2020-08-09,Updated phylogenies with latest.
PHYLO_0034,Anna Becker,e1a43102e33b,2020-08-09,Updated phylogenies with latest.
PHYLO_0035,Anna Becker,e1a43102e33b,2020-08-09,Updated phylogenies with latest.
PHYLO_0036,Anna Becker,e1a43102e33b,2020-08-09,Updated phylogenies with latest.
PHYLO_0037,Anna Becker,e1a43102e33b,2020-08-09,Updated phylogenies with latest.
PHYLO_0038,Anna Becker,e1a43102e33b,2020-08-09,Updated phylogenies with latest.
PHYLO_0039,Anna Becker,e1a43102e33b,2020-08-09,Updated phylogenies with latest.
PHYLO_0040,Anna Becker,966f14ccb66e,2020-07-13,Imported phylogenies curated by Anna.
PHYLO_0041,Anna Becker,e1a43102e33b,2020-08-09,Updated phylogenies with latest.
PHYLO_0042,Anna Becker,966f14ccb66e,2020-07-13,Imported phylogenies curated by Anna.
PHYLO_0043,Anna Becker,e1a43102e33b,2020-08-09,Updated phylogenies with latest.
PHYLO_0044,Anna Becker,e1a43102e33b,2020-08-09,Updated phylogenies with latest.
PHYLO_0045,Anna Becker,e1a43102e33b,2020-08-09,Updated phylogenies with latest.
PHYLO_0046,Anna Becker,966f14ccb66e,2020-07-13,Imported phylogenies curated by Anna.
PHYLO_0047,Anna Becker,48bec1b75cc6,2020-06-30,Imported some files from Anna's transcribed phylogenies.
PHYLO_0048,Anna Becker,966f14ccb66e,2020-07-13,Imported phylogenies curated by Anna.
PHYLO_0049,Anna Becker,e1a43102e33b,2020-08-09,Updated phylogenies with latest.
PHYLO_0050,Anna Becker,e1a43102e33b,2020-08-09,Updated phylogenies with latest.
PHYLO_0051,Anna Becker,966f14ccb66e,2020-07-13,Imported phylogenies curated by Anna.
PHYLO_0052,Anna Becker,966f14ccb66e,2020-07-13,Imported phylogenies curated by Anna.
PHYLO_0053,,43257850486d,2021-07-02,Updated Newicks (also messes up specifiers).
PHYLO_0054,Anna Becker,e1a43102e33b,2020-08-09,Updated phylogenies with latest.
PHYLO_0055,Anna Becker,966f14ccb66e,2020-07-13,Imported phylogenies curated by Anna.
PHYLO_0056,Anna Becker,966f14ccb66e,2020-07-13,Imported phylogenies curated by Anna.
PHYLO_0057,Anna Becker,966f14ccb66e,2020-07-13,Imported phylogenies curated by Anna.
PHYLO_0058,Anna Becker,e1a43102e33b,2020-08-09,Updated phylogenies with latest.
PHYLO_0059,Anna Becker,e1a43102e33b,2020-08-09,Updated phylogenies with latest.
PHYLO_0060,Anna Becker,966f14ccb66e,2020-07-13,Imported phylogenies curated by Anna.
PHYLO_0061,Anna Becker,966f14ccb66e,2020-07-13,Imported phylogenies curated by Anna.
PHYLO_0062,Anna Becker,e1a43102e33b,2020-08-09,Updated phylogenies with latest.
PHYLO_0063,Anna Becker,e1a43102e33b,2020-08-09,Updated phylogenies with latest.
PHYLO_0064,,c835e62aee9e,2020-08-25,Fixed specifier authorities in Phyx files.
PHYLO_0065,Anna Becker,966f14ccb66e,2020-07-13,Imported phylogenies curated by Anna.
PHYLO_0066,Anna Becker,389d8b7fc7a5,2020-06-30,Added phylogenies transcribed or obtained by Anna.
PHYLO_0067,Anna Becker,966f14ccb66e,2020-07-13,Imported phylogenies curated by Anna.
PHYLO_0068,Anna Becker,389d8b7fc7a5,2020-06-30,Added phylogenies transcribed or obtained by Anna.
PHYLO_0069,Anna Becker,e1a43102e33b,2020-08-09,Updated phylogenies with latest.
PHYLO_0070,Anna Becker,966f14ccb66e,2020-07-13,Imported phylogenies curated by Anna.
PHYLO_0071,Anna Becker,966f14ccb66e,2020-07-13,Imported phylogenies curated by Anna.
PHYLO_0072,,43257850486d,2021-07-02,Updated Newicks (also messes up specifiers).
PHYLO_0073,Anna Becker,966f14ccb66e,2020-07-13,Imported phylogenies curated by Anna.
PHYLO_0074,Anna Becker,e1a43102e33b,2020-08-09,Updated phylogenies with latest.
PHYLO_0075,Anna Becker,966f14ccb66e,2020-07-13,Imported phylogenies curated by Anna.
PHYLO_0076,Anna Becker,e1a43102e33b,2020-08-09,Updated phylogenies with latest.
PHYLO_0077,Anna Becker,e1a43102e33b,2020-08-09,Updated phylogenies with latest.
PHYLO_0078,Anna Becker,966f14ccb66e,2020-07-13,Imported phylogenies curated by Anna.
PHYLO_0079,Anna Becker,966f14ccb66e,2020-07-13,Imported phylogenies curated by Anna.
PHYLO_0080,Anna Becker,966f14ccb66e,2020-07-13,Imported phylogenies curated by Anna.
PHYLO_0081,Anna Becker,966f14ccb66e,2020-07-13,Imported phylogenies curated by Anna.
PHYLO_0082,Anna Becker,389d8b7fc7a5,2020-06-30,Added phylogenies transcribed or obtained by Anna.
PHYLO_0083,Anna Becker,966f14ccb66e,2020-07-13,Imported phylogenies curated by Anna.
PHYLO_0084,Anna Becker,966f14ccb66e,2020-07-13,Imported phylogenies curated by Anna.
PHYLO_0085,Anna Becker,966f14ccb66e,2020-07-13,Imported phylogenies curated by Anna.
PHYLO_0086,Anna Becker,966f14ccb66e,2020-07-13,Imported phylogenies curated by Anna.
PHYLO_0087,Anna Becker,966f14ccb66e,2020-07-13,Imported phylogenies curated by Anna.
PHYLO_0088,Anna Becker,389d8b7fc7a5,2020-06-30,Added phylogenies transcribed or obtained by Anna.
PHYLO_0089,Anna Becker,966f14ccb66e,2020-07-13,Imported phylogenies curated by Anna.
PHYLO_0090,,be77491b4b2d,2020-08-09,Manually labeled one expected resolution.
PHYLO_0091,Anna Becker,966f14ccb66e,2020-07-13,Imported phylogenies curated by Anna.
PHYLO_0092,Anna Becker,966f14ccb66e,2020-07-13,Imported phylogenies curated by Anna.
PHYLO_0093,Anna Becker,389d8b7fc7a5,2020-06-30,Added phylogenies transcribed or obtained by Anna.
PHYLO_0094,Anna Becker,e1a43102e33b,2020-08-09,Updated phylogenies with latest.
PHYLO_0095,Anna Becker,966f14ccb66e,2020-07-13,Imported phylogenies curated by Anna.
PHYLO_0096,Anna Becker,966f14ccb66e,2020-07-13,Imported phylogenies curated by Anna.
PHYLO_0097,Anna Becker,389d8b7fc7a5,2020-06-30,Added phylogenies transcribed or obtained by Anna.
PHYLO_0098,Anna Becker,966f14ccb66e,2020-07-13,Imported phylogenies curated by Anna.
PHYLO_0099,Anna Becker,966f14ccb66e,2020-07-13,Imported phylogenies curated by Anna.
PHYLO_0100,Anna Becker,48bec1b75cc6,2020-06-30,Imported some files from Anna's transcribed phylogenies.
PHYLO_0101,,c835e62aee9e,2020-08-25,Fixed specifier authorities in Phyx files.
PHYLO_0102,,43257850486d,2021-07-02,Updated Newicks (also messes up specifiers).
PHYLO_0103,Anna Becker,e1a43102e33b,2020-08-09,Updated phylogenies with latest.
PHYLO_0104,Anna Becker,966f14ccb66e,2020-07-13,Imported phylogenies curated by Anna.
PHYLO_0105,Anna Becker,48bec1b75cc6,2020-06-30,Imported some files from Anna's transcribed phylogenies.
PHYLO_0106,Anna Becker,966f14ccb66e,2020-07-13,Imported phylogenies curated by Anna.
PHYLO_0107,Anna Becker,e1a43102e33b,2020-08-09,Updated phylogenies with latest.
PHYLO_0108,Anna Becker,e1a43102e33b,2020-08-09,Updated phylogenies with latest.
PHYLO_0109,Anna Becker,966f14ccb66e,2020-07-13,Imported phylogenies curated by Anna.
PHYLO_0110,Anna Becker,e1a43102e33b,2020-08-09,Updated phylogenies with latest.
PHYLO_0111,Anna Becker,e1a43102e33b,2020-08-09,Updated phylogenies with latest.
PHYLO_0112,Anna Becker,966f14ccb66e,2020-07-13,Imported phylogenies curated by Anna.
PHYLO_0113,Anna Becker,a17d588fb82f,2020-10-07,Updated phylogenies with latest from Anna.
PHYLO_0114,Rebecca Stubbs,038261b3583d,2018-07-17,Updated Amorphea from RS.
PHYLO_0115,Rebecca Stubbs,f0f921dd91af,2018-08-14,Added new phyloreferences from RS.
PHYLO_0116,Rebecca Stubbs,c7ebb01c5761,2018-07-06,Reorganized PHYX files into a single folder.
PHYLO_0117,Anna Becker,a17d588fb82f,2020-10-07,Updated phylogenies with latest from Anna.
PHYLO_0118,Anna Becker,a17d588fb82f,2020-10-07,Updated phylogenies with latest from Anna.
PHYLO_0119,Anna Becker,a17d588fb82f,2020-10-07,Updated phylogenies with latest from Anna.
PHYLO_0120,Anna Becker,a17d588fb82f,2020-10-07,Updated phylogenies with latest from Anna.
PHYLO_0121,Anna Becker,a17d588fb82f,2020-10-07,Updated phylogenies with latest from Anna.
PHYLO_0122,Anna Becker,a17d588fb82f,2020-10-07,Updated phylogenies with latest from Anna.
PHYLO_0123,Anna Becker,a17d588fb82f,2020-10-07,Updated phylogenies with latest from Anna.
PHYLO_0124,Anna Becker,a17d588fb82f,2020-10-07,Updated phylogenies with latest from Anna.
PHYLO_0125,Anna Becker,a17d588fb82f,2020-10-07,Updated phylogenies with latest from Anna.
PHYLO_0126,Anna Becker,a17d588fb82f,2020-10-07,Updated phylogenies with latest from Anna.
PHYLO_0127,Anna Becker,a17d588fb82f,2020-10-07,Updated phylogenies with latest from Anna.
