clado_id,label,source_pr,source_branch,source_commit,commit_author,commit_subject,commit_date,source_path,target_slot,action,matched_on,citation_doi,figure,tip_count,newick_chars,expected_at_node,expectation_as_written,curator_comments
CLADO_0000002,Lobelioideae,79,add-support-for-testing-against-open-tree,a17d588fb82fccfae412ef3d4e8ba418d78a3b01,Gaurav Vaidya,Updated phylogenies with latest from Anna.,2020-10-07T11:25:19-04:00,phyx/encrypted/phylonym/CLADO_0000002.json,0:primaryPhylogenyCitation,filled,doi:10.1016/j.ympev.2007.06.015,10.1016/j.ympev.2007.06.015,,76,1640,,,
CLADO_0000008,Amorphea,45,summer_curation,c7ebb01c57619ff03d320b18645b198442f300d0,Gaurav Vaidya,Reorganized PHYX files into a single folder.,2018-07-06T19:13:56-04:00,phyx/encrypted/phylonym/phyloref.amorphea.Minge2009.2.json,0:primaryPhylogenyCitation,filled,doi:10.1098/rspb.2008.1358,10.1098/rspb.2008.1358,Fig 2 From Minge et al. 2009,37,955,,,"PHYX file written by R. Stubbs / Reference phylogeny: The primary reference phylogeny is Minge et al. (2009: Figure 2, in which Amorphea is referred to as ‘unikonts’). Two external specifiers—Thalassiosira pseudonana and Emiliania huxleyi— are not present in the primary reference phylogeny but are most closely related to Phaeodactylum tricornutum and Isochrysis galbana, respectively, in that phylogeny (see Zhao et al., 2012). Note that Figure 2 of Minge et al. (2009) is not intended to communicate that the root of the eukaryote tree falls within Amorphea. It is clearly intended that the figure be viewed either as an unrooted tree or as a rooted tree that reflects the hypothesis that the root falls between Amorphea and other eukaryotes (Minge et al., 2009; see Richards and Cavalier-Smith, 2005). See also Brown et al. (2018: Figure 1), where Amorphea is labelled, as well as Brown et al. (2009: Figure 3), Zhao et al. (2012: Figure 3) and Brown et al. (2013: Figure 2), in which the clade here named Amorphea is inferred but unnamed. "
CLADO_0000009,Amphibia,45,summer_curation,f0f921dd91af03482339232a7540dbdd52e5e848,Gaurav Vaidya,Added new phyloreferences from RS.,2018-08-14T15:15:45-04:00,phyx/encrypted/phylonym/phyloref.amphibia.Vallin2004.json,0:primaryPhylogenyCitation,filled,doi:10.1671/5.1,10.1671/5.1,Vallin and Laurin 2004 Fig. 6,48,691,,,"Phyx file by R. Stubbs / Newick file provided by M. Laurin / The reference phylogeny is Vallin and Laurin (2004: fig. 6). However, amphibian phylogeny is currently extremely controversial, and alternative phylogenies are associated with major differences in the hypothesized composition of this taxon (see Composition).  The internal specifiers Caecilia tentaculata, Andrias japonicus, and Rana temporaria are not shown in the reference phylogeny but are most closely related to Ichthyophiidae, Hynobiidae, and Pipidae, respectively, in that phylogeny (Pyron and Wiens, 2011)."
CLADO_0000011,Angiospermae,45,summer_curation,c7ebb01c57619ff03d320b18645b198442f300d0,Gaurav Vaidya,Reorganized PHYX files into a single folder.,2018-07-06T19:13:56-04:00,phyx/encrypted/phylonym/phyloref.angiospermae.Doyle2018.json,0:primaryPhylogenyCitation,filled,doi:10.1086/589887,10.1086/589887,Fig. 3C Doyle 2018 Angiospermae,35,488,,,"PHYX file written by R. Stubbs / Reference Phylogeny: The primary reference phylogeny is Doyle (2008: Fig. 3C). See also Doyle (2008: Figs. 3A, 4), Soltis et al. (2011: Fig. 2), Ruhfel et al. (2014: Fig. 5), and Rothwell and Stockey (2016: Fig. 28). "
CLADO_0000014,Apo-Spermatophyta,45,summer_curation,ff3050b66d6f150df55c5b29481d4ce7c90bb250,Gaurav Vaidya,"Fixed phylogeny, deleted duplicate specifier",2018-07-09T19:05:59-04:00,phyx/encrypted/phylonym/phloref.Apo-Spermatophyta.Hilton_Bateman_2006.json,2:primaryPhylogenyCitation,appended,doi:10.3159/1095-5674(2006)133[119:patbos]2.0.co;2,10.3159/1095-5674(2006)133[119:patbos]2.0.co;2,Fig. 10 Hilton and Bateman 2006,48,665,,,"PHYX file written by R. Stubbs / Reference Phylogeny: Hilton and Bateman (2006: Fig. 10), where Apo-Spermatophyta includes the entire illustrated tree except the “progymnosperms.”  See also Rothwell and Serbet (1994: Fig. 3)."
CLADO_0000015,Apo-Tracheophyta,45,summer_curation,0cacca3966c1e67fa84d97546f15811a2c2f1566,Gaurav Vaidya,"Minor fix for Newick, added verbatim apomorphy-based specifier",2018-07-09T18:18:20-04:00,phyx/encrypted/phylonym/phyloref.Apo-Tracheophyte.Crane.2004.json,2:primaryPhylogenyCitation,appended,title:fossilsandplantphylogeny,10.3732/ajb.91.10.1683,Fig. 1. Crante et al. 2004,75,1142,Tracheophytes,"Tracheophytes => ""Apo-Tracheophyte""","PHYX file written by R. Stubbs / Reference Phylogeny: The primary reference phylogeny is Crane et al. (2004: Fig. 1 [the clade labeled ""Tracheophytes""]).  See also Kenrick and Crane (1997: Fig. 4.31 [the clade labeled Tracheophyta])."
CLADO_0000016,Archaeplastida,45,summer_curation,e8598d89a338acd91d183908e91b59aaf9f4cc70,Gaurav Vaidya,Added a phyloreference from RS.,2018-07-18T14:42:27-04:00,phyx/encrypted/phylonym/phyloref.Archaeplastida.Burki.2008.json,1:primaryPhylogenyCitation,appended,doi:10.1098/rsbl.2008.0224,10.1098/rsbl.2008.0224,Fig. 1 Burki 2008,65,851,plants,"plants => ""Archaeplastida""","PHYX file curated by R. Stubbs / Reference Phylogeny: Burki et al. (2008: Fig. 1), in which the clade is referred to as ‘Plants’ (see Comments) "
CLADO_0000018,Asteridae,45,summer_curation,964f7d656c52a866a086b79d328913126f0585db,Gaurav Vaidya,"Added Asteridae, curated by RS.",2018-07-17T17:27:36-04:00,phyx/encrypted/phylonym/phyloref.Asteridae.Soltis2011.json,3:primaryPhylogenyCitation,appended,title:angiospermphylogeny17genes640taxa,10.3732/ajb.1000404,Fig. 1 Soltis et al. 2011,65,923,,,"PHYX file written by R. Stubbs / Reference Phylogeny: Soltis et al., (2011: Figs. 1-2). Aster amellus, which is used as a specifier because it is the type species of Asteridae in rank-based nomenclature, is most closely related to the clade comprising Helianthus, Guizotia, and Tagetes in this reference phylogeny (Funk et al., 2009, Figs. 44.3-44.8).  See also Olmstead et al. (2000: Fig. 1) and Bremer et al. (2002: Figs. 1-2). "
CLADO_0000018,Asteridae,79,add-support-for-testing-against-open-tree,a17d588fb82fccfae412ef3d4e8ba418d78a3b01,Gaurav Vaidya,Updated phylogenies with latest from Anna.,2020-10-07T11:25:19-04:00,phyx/encrypted/phylonym/CLADO_0000018.json,0:primaryPhylogenyCitation,filled,"fingerprint:soltis|2011|angiosperm phylogeny: 17-genes, 640 taxa",,,21,300,,,
CLADO_0000019,Basidiomycota,45,summer_curation,65e7064e2d30d52be4257d4e56d884b86864a479,Gaurav Vaidya,Added Basidiomycota from RS.,2018-07-17T17:45:52-04:00,phyx/encrypted/phylonym/phloref.Basidomycota.James_2006.json,4:primaryPhylogenyCitation,appended,title:reconstructingtheearlyevolutionoffungiusingasixgenephylogeny,10.1038/nature05110,James et al. (2006: Fig. 1),212,5235,,,"PHYX file written by R. Stubbs / Reference Phylogeny: The primary reference phylogeny is James et al. (2006: Fig. 1). See also Bauer et al. (2015: Fig. 2), Nagy et al. (2016: Fig. 1), and Zhao et al. (2017: Fig. 3)."
CLADO_0000020,Campanulaceae,45,summer_curation,f0f921dd91af03482339232a7540dbdd52e5e848,Gaurav Vaidya,Added new phyloreferences from RS.,2018-08-14T15:15:45-04:00,phyx/encrypted/phylonym/phyloref.Campanulaceae.Tank2010.json,8:primaryPhylogenyCitation,appended,author+year:tank 2010,10.1600/036364410791638306,Tank and Donoghue 2010 Fig. 3,50,608,,,"Phyx file by R. Stubbs / Newick file obtained from TreeBase / Reference Phylogeny: Tank and Donoghue (2010: Fig. 3).  Campanula latifolia, the internal specifier and the type of Campanula, is not in the primary reference phylogeny but is closely related to Campanula elatines, which was included in that analysis (Cellinese et al., 2009: Fig 2-3). See also Cosner et al. (1994: Fig 1), Gustafsson et al. (1996: Figs. 2-3), Gustafsson and Bremer (1995: Figs. 1-3), Bremer and Gustafsson, (1997: Fig. 1), Bremer et al. (2002 : Fig. 2-C), Lundberg and Bremer (2003: Figs. 3-4), Winkworth et al. (2008: Fig. 1). "
CLADO_0000020,Campanulaceae,79,add-support-for-testing-against-open-tree,a17d588fb82fccfae412ef3d4e8ba418d78a3b01,Gaurav Vaidya,Updated phylogenies with latest from Anna.,2020-10-07T11:25:19-04:00,phyx/encrypted/phylonym/CLADO_0000020.json,0:primaryPhylogenyCitation,filled,fingerprint:tank|2010|phylogeny and phylogenetic nomenclature of campanulideae based on an expanded sample of genes and taxa,,,122,1497,,,
CLADO_0000021,Campanuloideae,79,add-support-for-testing-against-open-tree,a17d588fb82fccfae412ef3d4e8ba418d78a3b01,Gaurav Vaidya,Updated phylogenies with latest from Anna.,2020-10-07T11:25:19-04:00,phyx/encrypted/phylonym/CLADO_0000021.json,0:primaryPhylogenyCitation,filled,doi:10.1111/j.1365-2699.2008.02077.x,10.1111/j.1365-2699.2008.02077.x,,75,1669,,,
CLADO_0000022,Bignoniaceae,45,summer_curation,dae0013266aedd922df833833f285b4c77b48cee,Gaurav Vaidya,Added Bignoniaceae from RS.,2018-08-02T15:46:02-04:00,phyx/encrypted/phylonym/phyloref.Bignoniaceae.Olmstead.2009.json,2:primaryPhylogenyCitation,appended,title:amolecularphylogenyandclassificationofbignoniaceae,10.3732/ajb.0900004,Olmstead 2009 Fig. 1,114,2805,,,PHYX file by R. Stubbs / The two genera without specific epithets is how they are written in the tree. / Reference Phylogeny: Olmstead et al. (2009: Fig. 1).  See also Spangler and Olmstead (1999) and Grose and Olmstead (2007).  
CLADO_0000023,Caniformia,45,summer_curation,f0f921dd91af03482339232a7540dbdd52e5e848,Gaurav Vaidya,Added new phyloreferences from RS.,2018-08-14T15:15:45-04:00,phyx/encrypted/phylonym/phyloref.caniformia.Flynn2005.json,1:primaryPhylogenyCitation,appended,doi:10.1080/10635150590923326,10.1080/10635150590923326,Flynn et a. 2005 Fig. 1,76,1586,,,Phyx file by R. Stubbs / Newick file obtained from Flynn / Reference Phylogeny: Figure 1 (maximum parsimony) in Flynn et al. (2005). / In phylogeny Felis silvestris is spelled wrong. 
CLADO_0000023,Caniformia,79,add-support-for-testing-against-open-tree,a17d588fb82fccfae412ef3d4e8ba418d78a3b01,Gaurav Vaidya,Updated phylogenies with latest from Anna.,2020-10-07T11:25:19-04:00,phyx/encrypted/phylonym/CLADO_0000023.json,0:primaryPhylogenyCitation,filled,doi:10.1080/10635150590923326,10.1080/10635150590923326,,76,1454,,,
CLADO_0000024,Caryophyllales,79,add-support-for-testing-against-open-tree,a17d588fb82fccfae412ef3d4e8ba418d78a3b01,Gaurav Vaidya,Updated phylogenies with latest from Anna.,2020-10-07T11:25:19-04:00,phyx/encrypted/phylonym/CLADO_0000024.json,0:primaryPhylogenyCitation,filled,doi:10.1111/j.1095-8339.2000.tb01588.x,10.1111/j.1095-8339.2000.tb01588.x,,72,868,,,
CLADO_0000027,Chlorophyta,45,summer_curation,0b64083b7751f4657380ced2f9cbf2172a366331,Gaurav Vaidya,Added two new phylorefs from RS.,2018-07-17T17:16:52-04:00,phyx/encrypted/phylonym/phyloref.Chlorophyta.Cocquyt.2009.json,1:primaryPhylogenyCitation,appended,doi:10.1186/1471-2148-9-39,10.1186/1471-2148-9-39,Fig.1 Cocquyt et al. (2006),42,998,Chlorophyta,"Chlorphyta => ""Chlorophyta""","PHYX file by R. Stubbs / The spelling of the internal specifier differs in the clade definition and the reference phylogeny / Reference Phylogeny: Cocquyt et al. (2009:, Fig. 1). The green algae have been the subject of numerous phylogenetic studies, but very few studies have included a broad sampling of Chlorophyta and outgroup taxa. Cocquyt et al. (2009) presented a phylogeny with broad sampling of Chlorophyta and other green algae with strong support for many branches. Chara vulgaris is used as a specifier because it is the type species of Chara, upon which the name Charophyta (this volume) is based (see ICPN, Art. 11.7).  Because we intend the definitions of Chlorophyta and Charophyta to be reciprocal, Chara vulgaris must be the external specifier for Chlorophyta.  Chara vulgaris is not included in the primary reference phylogeny; however, for the purpose of applying the definition, Chara vulgaris should be considered most closely related to Chara connivens in the reference phylogeny.  "
CLADO_0000027,Chlorophyta,79,add-support-for-testing-against-open-tree,a17d588fb82fccfae412ef3d4e8ba418d78a3b01,Gaurav Vaidya,Updated phylogenies with latest from Anna.,2020-10-07T11:25:19-04:00,phyx/encrypted/phylonym/CLADO_0000027.json,0:primaryPhylogenyCitation,filled,doi:10.1186/1471-2148-9-39,10.1186/1471-2148-9-39,,42,912,,,
CLADO_0000031,Coniferae,79,add-support-for-testing-against-open-tree,a17d588fb82fccfae412ef3d4e8ba418d78a3b01,Gaurav Vaidya,Updated phylogenies with latest from Anna.,2020-10-07T11:25:19-04:00,phyx/encrypted/phylonym/CLADO_0000031.json,0:primaryPhylogenyCitation,filled,doi:10.1086/338321,10.1086/338321,,119,1638,,,
CLADO_0000032,Convolvulaceae,79,add-support-for-testing-against-open-tree,a17d588fb82fccfae412ef3d4e8ba418d78a3b01,Gaurav Vaidya,Updated phylogenies with latest from Anna.,2020-10-07T11:25:19-04:00,phyx/encrypted/phylonym/CLADO_0000032.json,0:primaryPhylogenyCitation,filled,doi:10.3732/ajb.89.9.1510,10.3732/ajb.89.9.1510,,146,2534,,,
CLADO_0000035,Dikarya,45,summer_curation,0b64083b7751f4657380ced2f9cbf2172a366331,Gaurav Vaidya,Added two new phylorefs from RS.,2018-07-17T17:16:52-04:00,phyx/encrypted/phylonym/phyloref.Dikarya.Bauer.2015.json,5:primaryPhylogenyCitation,appended,doi:10.1371/journal.pone.0128183,10.1371/journal.pone.0128183,Fig. 2. Bauer et al. 2015,57,1421,Dikarya,"Dikarya => ""Dikarya ""","PHYX file by R. Stubbs / The primary reference phylogeny is Bauer et al. (2015: Fig. 2). See also James et al. (2006: Fig. 1), Ebersberger et al. (2011: Fig. 3), Chang et al. (2015: Fig. 1), and Ren et al. (2016: Fig. 5). / Coprinopsis cinerea doesn't appear to me in the reference phylogeny."
CLADO_0000036,Discicristata,45,summer_curation,1fa77f4a96798b3f779b6823878cef9e0825f96c,Gaurav Vaidya,Added phyloreference for Discicristata from RS.,2018-07-25T16:56:49-04:00,phyx/encrypted/phylonym/phyloref.Discicristata.Hampl.2009.json,2:primaryPhylogenyCitation,appended,doi:10.1073/pnas.0807880106,10.1073/pnas.0807880106,Hampl et a. 2009 Fig. 1,48,1158,Discicristata,"Discicristata => ""Discicristata """,PHYX file by R. Stubbs / Reference phylogeny: The primary reference phylogeny is Hampl et al. (2009: Fig. 1).  See also Yang et al. (2017: Fig. 1)
CLADO_0000044,Feliformia,79,add-support-for-testing-against-open-tree,d6b77d4bfd2f0928687a32c0f7d9c2e5d2283fb0,Gaurav Vaidya,"Renamed from ""REGNUM_"" to ""CLADO_"".",2020-07-13T17:03:57-04:00,phyx/encrypted/phylonym/CLADO_0000044.json,0:primaryPhylogenyCitation,filled,doi:10.1080/10635150590923326,10.1080/10635150590923326,,123,1517,,,
CLADO_0000165,Cnidaria,79,add-support-for-testing-against-open-tree,d6b77d4bfd2f0928687a32c0f7d9c2e5d2283fb0,Gaurav Vaidya,"Renamed from ""REGNUM_"" to ""CLADO_"".",2020-07-13T17:03:57-04:00,phyx/encrypted/phylonym/CLADO_0000165.json,0:primaryPhylogenyCitation,filled,doi:10.1046/j.1420-9101.2002.00403,10.1046/j.1420-9101.2002.00403,,218,2866,,,
CLADO_0000247,Apiidae,79,add-support-for-testing-against-open-tree,a17d588fb82fccfae412ef3d4e8ba418d78a3b01,Gaurav Vaidya,Updated phylogenies with latest from Anna.,2020-10-07T11:25:19-04:00,phyx/encrypted/phylonym/CLADO_0000247.json,0:primaryPhylogenyCitation,filled,doi:10.3732/ajb.1000404,10.3732/ajb.1000404,,21,303,,,
CLADO_0000279,Galloanserae,79,add-support-for-testing-against-open-tree,a17d588fb82fccfae412ef3d4e8ba418d78a3b01,Gaurav Vaidya,Updated phylogenies with latest from Anna.,2020-10-07T11:25:19-04:00,phyx/encrypted/phylonym/CLADO_0000279.json,3:primaryPhylogenyCitation,appended,doi:10.1038/nature15697,10.1038/nature15697,,106,1222,,,
CLADO_0000280,Cuculidae,79,add-support-for-testing-against-open-tree,a17d588fb82fccfae412ef3d4e8ba418d78a3b01,Gaurav Vaidya,Updated phylogenies with latest from Anna.,2020-10-07T11:25:19-04:00,phyx/encrypted/phylonym/CLADO_0000280.json,0:primaryPhylogenyCitation,filled,fingerprint:payne|2005|bird families of the world: cuckoos,,,32,411,,,
CLADO_0000297,Foraminifera,79,add-support-for-testing-against-open-tree,d6b77d4bfd2f0928687a32c0f7d9c2e5d2283fb0,Gaurav Vaidya,"Renamed from ""REGNUM_"" to ""CLADO_"".",2020-07-13T17:03:57-04:00,phyx/encrypted/phylonym/CLADO_0000297.json,0:primaryPhylogenyCitation,filled,doi:10.1016/j.marmicro.2013.04.002,10.1016/j.marmicro.2013.04.002,,74,784,,,
